taskID,passage,label
HPRD50.d0.s0_0,Cloning and characterization of two evolutionarily conserved subunits ( PROTEIN1 and PROTEIN2 of human PROTEIN and their involvement in functional interactions with TFIIIB and RNA polymerase III,no
HPRD50.d0.s0_1,Cloning and characterization of two evolutionarily conserved subunits ( PROTEIN and PROTEIN1 of human PROTEIN2 and their involvement in functional interactions with TFIIIB and RNA polymerase III,no
HPRD50.d0.s0_2,Cloning and characterization of two evolutionarily conserved subunits ( PROTEIN1 and PROTEIN of human PROTEIN2 and their involvement in functional interactions with TFIIIB and RNA polymerase III,no
HPRD50.d1.s0_3,"Identification of residues in the PROTEIN1 that contact the MCP-1 receptor, PROTEIN2 ",yes
HPRD50.d1.s1_4,The receptor binding site of PROTEIN1 also is significantly different from the binding sites of PROTEIN and PROTEIN2 providing insight into the issue of receptor specificity,no
HPRD50.d1.s1_5,The receptor binding site of PROTEIN1 also is significantly different from the binding sites of PROTEIN2 and PROTEIN providing insight into the issue of receptor specificity,no
HPRD50.d1.s1_6,The receptor binding site of PROTEIN also is significantly different from the binding sites of PROTEIN1 and PROTEIN2 providing insight into the issue of receptor specificity,no
HPRD50.d1.s2_7,It was previously shown that the N-terminus of PROTEIN1 is critical for binding PROTEIN2 ,yes
HPRD50.d1.s3_8,"To identify the regions of PROTEIN1 that contact its receptor, PROTEIN2 we substituted all surface-exposed residues with alanine",yes
HPRD50.d2.s0_9,We tested this point by cotransfecting CHO cells with the genes encoding F beta alpha and the PROTEIN1 subunit or the PROTEIN2 and PROTEIN monomer,no
HPRD50.d2.s0_10,We tested this point by cotransfecting CHO cells with the genes encoding F beta alpha and the PROTEIN subunit or the PROTEIN1 and PROTEIN2 monomer,no
HPRD50.d2.s0_11,We tested this point by cotransfecting CHO cells with the genes encoding F beta alpha and the PROTEIN1 subunit or the PROTEIN and PROTEIN2 monomer,no
HPRD50.d2.s1_12,The formation of a functional single chain/subunit complex was not restricted to the FSH single chain/ PROTEIN1 subunit since CG single chain interacts with the monomeric PROTEIN2 subunit and exhibits FSH activity,no
HPRD50.d2.s2_13,"This is relevant for the case of LH and FSH, because both are synthesized in the same cell (i.e., pituitary gonadotrophs) and several of the alpha subunit sequences required for association with either the PROTEIN1 or PROTEIN2 subunits are different",no
HPRD50.d2.s3_14,"Previously, we showed that the PROTEIN1 or PROTEIN2 subunit genes can be genetically fused to the alpha gene to produce biologically active single chains, PROTEIN and F beta alpha, respectively",no
HPRD50.d2.s3_15,"Previously, we showed that the PROTEIN1 or PROTEIN subunit genes can be genetically fused to the alpha gene to produce biologically active single chains, PROTEIN2 and F beta alpha, respectively",no
HPRD50.d2.s3_16,"Previously, we showed that the PROTEIN or PROTEIN1 subunit genes can be genetically fused to the alpha gene to produce biologically active single chains, PROTEIN2 and F beta alpha, respectively",no
HPRD50.d3.s0_17, PROTEIN1 activates PROTEIN2 which inhibits apoptosis in human prostate cancer cell lines,yes
HPRD50.d3.s1_18,RESULTS: Tyrosine phosphorylation of p85 is upregulated by PROTEIN1 in both LNCaP and PROTEIN2 ,no
HPRD50.d3.s2_19, PROTEIN1 promotes coprecipitation of p85 with PROTEIN2 the signal-transducing component of the PROTEIN ,yes
HPRD50.d3.s2_20, PROTEIN1 promotes coprecipitation of p85 with PROTEIN the signal-transducing component of the PROTEIN2 ,no
HPRD50.d3.s2_21, PROTEIN promotes coprecipitation of p85 with PROTEIN1 the signal-transducing component of the PROTEIN2 ,no
HPRD50.d4.s0_22,"In solution, FGFR4ed formed complexes with PROTEIN1 and PROTEIN2 both in the presence and absence of heparin",no
HPRD50.d4.s1_23,Immobilized PROTEIN also bound PROTEIN1 besides PROTEIN2 and PROTEIN ,no
HPRD50.d4.s1_24,Immobilized PROTEIN1 also bound PROTEIN2 besides PROTEIN and PROTEIN ,yes
HPRD50.d4.s1_25,Immobilized PROTEIN also bound PROTEIN1 besides PROTEIN and PROTEIN2 ,no
HPRD50.d4.s1_26,Immobilized PROTEIN1 also bound PROTEIN besides PROTEIN2 and PROTEIN ,yes
HPRD50.d4.s1_27,Immobilized PROTEIN also bound PROTEIN besides PROTEIN1 and PROTEIN2 ,no
HPRD50.d4.s1_28,Immobilized PROTEIN1 also bound PROTEIN besides PROTEIN and PROTEIN2 ,yes
HPRD50.d5.s0_29, PROTEIN1 regulates beta-2 integrin-mediated adhesion through both ARF-GEF function and interaction with PROTEIN2 ,yes
HPRD50.d5.s1_30,"Here we provide evidence of how PROTEIN1 an integrin-binding protein and guanine-nucleotide exchange factor (GEF) for PROTEIN2 GTPases, regulates cell adhesion",yes
HPRD50.d5.s2_31,Mutational analyses of the beta-2 cytoplasmic domain revealed that the adhesive function of PROTEIN1 depends on its interaction with PROTEIN2 unless the integrin is activated by exogenous divalent cations,yes
HPRD50.d5.s3_32,"Secondly, PROTEIN1 induces expression of an extracellular activation epitope of PROTEIN2 and the exchange factor function is not essential for this activity",yes
HPRD50.d5.s4_33,"In contrast, LFA-1-mediated cell adhesion and spreading on intercellular cell adhesion molecule 1 is strongly inhibited by a PROTEIN1 mutant, which fails to catalyze PROTEIN2 GDP-GTP exchange in vitro",yes
HPRD50.d5.s5_34,"Thus, PROTEIN1 is involved in the activation of PROTEIN2 most probably through direct interaction with the integrin, and induces cell spreading by its ARF-GEF activity",yes
HPRD50.d7.s0_35,Suppression of rat thromboxane synthase gene transcription by PROTEIN1 in macrophages via an interaction with PROTEIN2 ,yes
HPRD50.d7.s1_36,"Deletion analysis showed that the element responsible for the PPARgamma effect is located in a region containing the nuclear factor E2 ( PROTEIN1 / PROTEIN2 site (-98/-88), which was indicated to be the major promoter of the TXS gene",no
HPRD50.d7.s2_37,"By electrophoretic mobility shift assay using the PROTEIN PROTEIN1 site and nuclear extracts from macrophages, we observed a specific protein-DNA complex formation, which was inhibited by a specific antibody against the transcription factor PROTEIN2 ( PROTEIN ",no
HPRD50.d7.s2_38,"By electrophoretic mobility shift assay using the PROTEIN PROTEIN site and nuclear extracts from macrophages, we observed a specific protein-DNA complex formation, which was inhibited by a specific antibody against the transcription factor PROTEIN1 ( PROTEIN2 ",no
HPRD50.d7.s2_39,"By electrophoretic mobility shift assay using the PROTEIN1 PROTEIN site and nuclear extracts from macrophages, we observed a specific protein-DNA complex formation, which was inhibited by a specific antibody against the transcription factor PROTEIN2 ( PROTEIN ",no
HPRD50.d7.s2_40,"By electrophoretic mobility shift assay using the PROTEIN PROTEIN1 site and nuclear extracts from macrophages, we observed a specific protein-DNA complex formation, which was inhibited by a specific antibody against the transcription factor PROTEIN ( PROTEIN2 ",no
HPRD50.d7.s2_41,"By electrophoretic mobility shift assay using the PROTEIN1 PROTEIN2 site and nuclear extracts from macrophages, we observed a specific protein-DNA complex formation, which was inhibited by a specific antibody against the transcription factor PROTEIN ( PROTEIN ",no
HPRD50.d7.s2_42,"By electrophoretic mobility shift assay using the PROTEIN1 PROTEIN site and nuclear extracts from macrophages, we observed a specific protein-DNA complex formation, which was inhibited by a specific antibody against the transcription factor PROTEIN ( PROTEIN2 ",no
HPRD50.d7.s3_43,"Finally, a direct interaction between PPARgamma and PROTEIN1 was confirmed by PROTEIN2 pull-down assay",no
HPRD50.d8.s0_44,"By constructing deletion mutants, we identified that amino acid residues 229-309 of Akt were involved in the binding to PROTEIN1 and amino acid residues 327-340 of PROTEIN2 were involved in the binding to Akt",no
HPRD50.d9.s0_45,"Here, we cloned and characterized a mouse orthologue of human PROTEIN1 protein as an atypical PROTEIN2 (named PROTEIN ",no
HPRD50.d9.s0_46,"Here, we cloned and characterized a mouse orthologue of human PROTEIN protein as an atypical PROTEIN1 (named PROTEIN2 ",no
HPRD50.d9.s0_47,"Here, we cloned and characterized a mouse orthologue of human PROTEIN1 protein as an atypical PROTEIN (named PROTEIN2 ",no
HPRD50.d9.s1_48,"Subcellular fractionation and antibody-uptake experiments indicate that PROTEIN1 is indeed a type-I membrane protein, but, unlike other PROTEIN2 isoforms, lacks an N-terminal extracellular domain",no
HPRD50.d11.s0_49,Direct interaction between the cytoplasmic tail of PROTEIN1 and the Src homology 3 domain of PROTEIN activates PROTEIN2 in C2C12 cells,yes
HPRD50.d11.s0_50,Direct interaction between the cytoplasmic tail of PROTEIN and the Src homology 3 domain of PROTEIN1 activates PROTEIN2 in C2C12 cells,yes
HPRD50.d11.s0_51,Direct interaction between the cytoplasmic tail of PROTEIN1 and the Src homology 3 domain of PROTEIN2 activates PROTEIN in C2C12 cells,yes
HPRD50.d11.s1_52,This suggests that transmembrane PROTEIN1 by providing docking sites for the Src homology 3 domain of PROTEIN2 activates PI 3-kinase by mediating its recruitment to the membrane,yes
HPRD50.d12.s0_53, PROTEIN1 binds to the C-terminal SH2 domain of PROTEIN2 and inhibits its enzymatic activity,yes
HPRD50.d12.s1_54,"In this report, we demonstrate the stable association of PROTEIN1 with PROTEIN in a clathrin-coated vesicle complex, which not only binds to the carboxyl-terminal SH2 domain of PROTEIN2 but also inhibits its enzymatic activity in a dose-dependent manner",no
HPRD50.d12.s1_55,"In this report, we demonstrate the stable association of PROTEIN1 with PROTEIN2 in a clathrin-coated vesicle complex, which not only binds to the carboxyl-terminal SH2 domain of PROTEIN but also inhibits its enzymatic activity in a dose-dependent manner",yes
HPRD50.d12.s1_56,"In this report, we demonstrate the stable association of PROTEIN with PROTEIN1 in a clathrin-coated vesicle complex, which not only binds to the carboxyl-terminal SH2 domain of PROTEIN2 but also inhibits its enzymatic activity in a dose-dependent manner",yes
HPRD50.d13.s0_57,Here we demonstrate colocalization and direct interaction between PROTEIN1 and PROTEIN2 ,yes
HPRD50.d13.s1_58,"Overexpression of PROTEIN1 results in a zinc finger-dependent localization of a PROTEIN isoform and dynactin to MT bundles, raising the possibility that PROTEIN2 and PROTEIN regulate dynein/dynactin binding to MTs",no
HPRD50.d13.s1_59,"Overexpression of PROTEIN1 results in a zinc finger-dependent localization of a PROTEIN isoform and dynactin to MT bundles, raising the possibility that PROTEIN and PROTEIN2 regulate dynein/dynactin binding to MTs",no
HPRD50.d13.s1_60,"Overexpression of PROTEIN1 results in a zinc finger-dependent localization of a PROTEIN2 isoform and dynactin to MT bundles, raising the possibility that PROTEIN and PROTEIN regulate dynein/dynactin binding to MTs",yes
HPRD50.d13.s1_61,"Overexpression of PROTEIN results in a zinc finger-dependent localization of a PROTEIN isoform and dynactin to MT bundles, raising the possibility that PROTEIN1 and PROTEIN2 regulate dynein/dynactin binding to MTs",no
HPRD50.d13.s1_62,"Overexpression of PROTEIN results in a zinc finger-dependent localization of a PROTEIN1 isoform and dynactin to MT bundles, raising the possibility that PROTEIN2 and PROTEIN regulate dynein/dynactin binding to MTs",no
HPRD50.d13.s1_63,"Overexpression of PROTEIN results in a zinc finger-dependent localization of a PROTEIN1 isoform and dynactin to MT bundles, raising the possibility that PROTEIN and PROTEIN2 regulate dynein/dynactin binding to MTs",no
HPRD50.d13.s2_64,"This work suggests that PROTEIN1 is a regulated adapter between PROTEIN2 and cytoplasmic dynein at sites involved in cargo-MT loading, and/or in the control of MT dynamics",yes
HPRD50.d14.s0_65, PROTEIN1 and PROTEIN2 multifunctional endocytic receptors,no
HPRD50.d14.s1_66, PROTEIN1 and PROTEIN2 are two structurally different endocytic receptors that interact to serve such functions,yes
HPRD50.d16.s0_67, PROTEIN1 and PROTEIN are PROTEIN2 cyclinB1 kinase inhibitors with a role in S and G2/M cell cycle checkpoints induced by genotoxic stress,yes
HPRD50.d16.s0_68, PROTEIN1 and PROTEIN2 are PROTEIN cyclinB1 kinase inhibitors with a role in S and G2/M cell cycle checkpoints induced by genotoxic stress,no
HPRD50.d16.s0_69, PROTEIN and PROTEIN1 are PROTEIN2 cyclinB1 kinase inhibitors with a role in S and G2/M cell cycle checkpoints induced by genotoxic stress,yes
HPRD50.d16.s1_70," PROTEIN1 ( PROTEIN , PROTEIN ( PROTEIN , and PROTEIN ( PROTEIN2 constitute a family of evolutionarily conserved, small, acidic, nuclear proteins, which have been implicated in terminal differentiation, growth suppression, and apoptosis",no
HPRD50.d16.s1_71," PROTEIN1 ( PROTEIN , PROTEIN2 ( PROTEIN , and PROTEIN ( PROTEIN constitute a family of evolutionarily conserved, small, acidic, nuclear proteins, which have been implicated in terminal differentiation, growth suppression, and apoptosis",no
HPRD50.d16.s1_72," PROTEIN1 ( PROTEIN2 , PROTEIN ( PROTEIN , and PROTEIN ( PROTEIN constitute a family of evolutionarily conserved, small, acidic, nuclear proteins, which have been implicated in terminal differentiation, growth suppression, and apoptosis",no
HPRD50.d16.s1_73," PROTEIN1 ( PROTEIN , PROTEIN ( PROTEIN2 , and PROTEIN ( PROTEIN constitute a family of evolutionarily conserved, small, acidic, nuclear proteins, which have been implicated in terminal differentiation, growth suppression, and apoptosis",no
HPRD50.d16.s1_74," PROTEIN1 ( PROTEIN , PROTEIN ( PROTEIN , and PROTEIN2 ( PROTEIN constitute a family of evolutionarily conserved, small, acidic, nuclear proteins, which have been implicated in terminal differentiation, growth suppression, and apoptosis",no
HPRD50.d16.s1_75," PROTEIN ( PROTEIN , PROTEIN1 ( PROTEIN , and PROTEIN ( PROTEIN2 constitute a family of evolutionarily conserved, small, acidic, nuclear proteins, which have been implicated in terminal differentiation, growth suppression, and apoptosis",no
HPRD50.d16.s1_76," PROTEIN ( PROTEIN1 , PROTEIN ( PROTEIN , and PROTEIN ( PROTEIN2 constitute a family of evolutionarily conserved, small, acidic, nuclear proteins, which have been implicated in terminal differentiation, growth suppression, and apoptosis",no
HPRD50.d16.s1_77," PROTEIN ( PROTEIN , PROTEIN ( PROTEIN1 , and PROTEIN ( PROTEIN2 constitute a family of evolutionarily conserved, small, acidic, nuclear proteins, which have been implicated in terminal differentiation, growth suppression, and apoptosis",no
HPRD50.d16.s1_78," PROTEIN ( PROTEIN , PROTEIN ( PROTEIN , and PROTEIN1 ( PROTEIN2 constitute a family of evolutionarily conserved, small, acidic, nuclear proteins, which have been implicated in terminal differentiation, growth suppression, and apoptosis",no
HPRD50.d16.s1_79," PROTEIN ( PROTEIN1 , PROTEIN2 ( PROTEIN , and PROTEIN ( PROTEIN constitute a family of evolutionarily conserved, small, acidic, nuclear proteins, which have been implicated in terminal differentiation, growth suppression, and apoptosis",no
HPRD50.d16.s1_80," PROTEIN ( PROTEIN , PROTEIN1 ( PROTEIN2 , and PROTEIN ( PROTEIN constitute a family of evolutionarily conserved, small, acidic, nuclear proteins, which have been implicated in terminal differentiation, growth suppression, and apoptosis",no
HPRD50.d16.s1_81," PROTEIN ( PROTEIN , PROTEIN1 ( PROTEIN , and PROTEIN2 ( PROTEIN constitute a family of evolutionarily conserved, small, acidic, nuclear proteins, which have been implicated in terminal differentiation, growth suppression, and apoptosis",no
HPRD50.d16.s1_82," PROTEIN ( PROTEIN1 , PROTEIN ( PROTEIN2 , and PROTEIN ( PROTEIN constitute a family of evolutionarily conserved, small, acidic, nuclear proteins, which have been implicated in terminal differentiation, growth suppression, and apoptosis",no
HPRD50.d16.s1_83," PROTEIN ( PROTEIN1 , PROTEIN ( PROTEIN , and PROTEIN2 ( PROTEIN constitute a family of evolutionarily conserved, small, acidic, nuclear proteins, which have been implicated in terminal differentiation, growth suppression, and apoptosis",no
HPRD50.d16.s1_84," PROTEIN ( PROTEIN , PROTEIN ( PROTEIN1 , and PROTEIN2 ( PROTEIN constitute a family of evolutionarily conserved, small, acidic, nuclear proteins, which have been implicated in terminal differentiation, growth suppression, and apoptosis",no
HPRD50.d16.s2_85,Recent evidence has implicated PROTEIN1 in inhibition of PROTEIN2 cyclinB1 kinase and in G2/M cell cycle arrest,yes
HPRD50.d16.s3_86,"Yet, whether PROTEIN1 and/or PROTEIN function as inhibitors of PROTEIN2 cyclinB1 kinase and/or play a role in G2/M cell cycle arrest has not been fully established",yes
HPRD50.d16.s3_87,"Yet, whether PROTEIN and/or PROTEIN1 function as inhibitors of PROTEIN2 cyclinB1 kinase and/or play a role in G2/M cell cycle arrest has not been fully established",yes
HPRD50.d16.s3_88,"Yet, whether PROTEIN1 and/or PROTEIN2 function as inhibitors of PROTEIN cyclinB1 kinase and/or play a role in G2/M cell cycle arrest has not been fully established",no
HPRD50.d16.s4_89,"In this work, we show that PROTEIN1 and PROTEIN2 specifically interact with the PROTEIN CyclinB1 complex, but not with other Cdk/Cyclin complexes, in vitro and in vivo",no
HPRD50.d16.s4_90,"In this work, we show that PROTEIN1 and PROTEIN specifically interact with the PROTEIN2 CyclinB1 complex, but not with other Cdk/Cyclin complexes, in vitro and in vivo",yes
HPRD50.d16.s4_91,"In this work, we show that PROTEIN and PROTEIN1 specifically interact with the PROTEIN2 CyclinB1 complex, but not with other Cdk/Cyclin complexes, in vitro and in vivo",yes
HPRD50.d16.s5_92,"Data also has been obtained that PROTEIN1 and PROTEIN as well as PROTEIN interact with both PROTEIN2 and cyclinB1, resulting in inhibition of the kinase activity of the PROTEIN cyclinB1 complex",yes
HPRD50.d16.s5_93,"Data also has been obtained that PROTEIN and PROTEIN1 as well as PROTEIN interact with both PROTEIN2 and cyclinB1, resulting in inhibition of the kinase activity of the PROTEIN cyclinB1 complex",yes
HPRD50.d16.s5_94,"Data also has been obtained that PROTEIN and PROTEIN as well as PROTEIN1 interact with both PROTEIN2 and cyclinB1, resulting in inhibition of the kinase activity of the PROTEIN cyclinB1 complex",yes
HPRD50.d16.s5_95,"Data also has been obtained that PROTEIN and PROTEIN as well as PROTEIN interact with both PROTEIN1 and cyclinB1, resulting in inhibition of the kinase activity of the PROTEIN2 cyclinB1 complex",no
HPRD50.d16.s5_96,"Data also has been obtained that PROTEIN1 and PROTEIN2 as well as PROTEIN interact with both PROTEIN and cyclinB1, resulting in inhibition of the kinase activity of the PROTEIN cyclinB1 complex",no
HPRD50.d16.s5_97,"Data also has been obtained that PROTEIN1 and PROTEIN as well as PROTEIN2 interact with both PROTEIN and cyclinB1, resulting in inhibition of the kinase activity of the PROTEIN cyclinB1 complex",no
HPRD50.d16.s5_98,"Data also has been obtained that PROTEIN1 and PROTEIN as well as PROTEIN interact with both PROTEIN and cyclinB1, resulting in inhibition of the kinase activity of the PROTEIN2 cyclinB1 complex",yes
HPRD50.d16.s5_99,"Data also has been obtained that PROTEIN and PROTEIN1 as well as PROTEIN2 interact with both PROTEIN and cyclinB1, resulting in inhibition of the kinase activity of the PROTEIN cyclinB1 complex",no
HPRD50.d16.s5_100,"Data also has been obtained that PROTEIN and PROTEIN1 as well as PROTEIN interact with both PROTEIN and cyclinB1, resulting in inhibition of the kinase activity of the PROTEIN2 cyclinB1 complex",yes
HPRD50.d16.s5_101,"Data also has been obtained that PROTEIN and PROTEIN as well as PROTEIN1 interact with both PROTEIN and cyclinB1, resulting in inhibition of the kinase activity of the PROTEIN2 cyclinB1 complex",yes
HPRD50.d16.s6_102,"Inhibition of PROTEIN cyclinB1 kinase activity by PROTEIN1 and PROTEIN was found to involve disruption of the complex, whereas PROTEIN2 did not disrupt the complex",no
HPRD50.d16.s6_103,"Inhibition of PROTEIN cyclinB1 kinase activity by PROTEIN1 and PROTEIN2 was found to involve disruption of the complex, whereas PROTEIN did not disrupt the complex",no
HPRD50.d16.s6_104,"Inhibition of PROTEIN1 cyclinB1 kinase activity by PROTEIN2 and PROTEIN was found to involve disruption of the complex, whereas PROTEIN did not disrupt the complex",yes
HPRD50.d16.s6_105,"Inhibition of PROTEIN cyclinB1 kinase activity by PROTEIN and PROTEIN1 was found to involve disruption of the complex, whereas PROTEIN2 did not disrupt the complex",no
HPRD50.d16.s6_106,"Inhibition of PROTEIN1 cyclinB1 kinase activity by PROTEIN and PROTEIN was found to involve disruption of the complex, whereas PROTEIN2 did not disrupt the complex",no
HPRD50.d16.s6_107,"Inhibition of PROTEIN1 cyclinB1 kinase activity by PROTEIN and PROTEIN2 was found to involve disruption of the complex, whereas PROTEIN did not disrupt the complex",yes
HPRD50.d18.s0_108,The transmembrane PROTEIN1 PROTEIN2 interacts with PROTEIN ,no
HPRD50.d18.s0_109,The transmembrane PROTEIN PROTEIN1 interacts with PROTEIN2 ,yes
HPRD50.d18.s0_110,The transmembrane PROTEIN1 PROTEIN interacts with PROTEIN2 ,yes
HPRD50.d18.s1_111,"The PROTEIN1 PROTEIN also known as PROTEIN2 is expressed predominantly in epithelial cells, in a variety of tumor cell lines, and in lymphocytes",no
HPRD50.d18.s1_112,"The PROTEIN1 PROTEIN2 also known as PROTEIN is expressed predominantly in epithelial cells, in a variety of tumor cell lines, and in lymphocytes",no
HPRD50.d18.s1_113,"The PROTEIN PROTEIN1 also known as PROTEIN2 is expressed predominantly in epithelial cells, in a variety of tumor cell lines, and in lymphocytes",no
HPRD50.d18.s2_114, PROTEIN1 also interacted with other members of the catenin gene family including PROTEIN2 and gamma-catenin,yes
HPRD50.d18.s3_115,"The interaction with PROTEIN1 is likely to be direct, as the interaction occurs in K562 cells lacking functional adherens junctions and PROTEIN2 expression",no
HPRD50.d18.s4_116,"Catalytic domains of the tyrosine phosphatases PROTEIN1 PROTEIN and PTPbeta did not interact with proteins of the catenin family to detectable levels, suggesting that the interaction of PROTEIN2 with these proteins is specific",no
HPRD50.d18.s4_117,"Catalytic domains of the tyrosine phosphatases PROTEIN1 PROTEIN2 and PTPbeta did not interact with proteins of the catenin family to detectable levels, suggesting that the interaction of PROTEIN with these proteins is specific",no
HPRD50.d18.s4_118,"Catalytic domains of the tyrosine phosphatases PROTEIN PROTEIN1 and PTPbeta did not interact with proteins of the catenin family to detectable levels, suggesting that the interaction of PROTEIN2 with these proteins is specific",no
HPRD50.d19.s0_119, PROTEIN1 PROTEIN2 (' PROTEIN )-binding protein (CBP) modulates co-operation between myocyte enhancer factor 2A ( PROTEIN and thyroid hormone receptor-retinoid X receptor,no
HPRD50.d19.s0_120, PROTEIN1 PROTEIN (' PROTEIN )-binding protein (CBP) modulates co-operation between myocyte enhancer factor 2A ( PROTEIN2 and thyroid hormone receptor-retinoid X receptor,yes
HPRD50.d19.s0_121, PROTEIN1 PROTEIN (' PROTEIN2 )-binding protein (CBP) modulates co-operation between myocyte enhancer factor 2A ( PROTEIN and thyroid hormone receptor-retinoid X receptor,no
HPRD50.d19.s0_122, PROTEIN PROTEIN1 (' PROTEIN )-binding protein (CBP) modulates co-operation between myocyte enhancer factor 2A ( PROTEIN2 and thyroid hormone receptor-retinoid X receptor,yes
HPRD50.d19.s0_123, PROTEIN PROTEIN1 (' PROTEIN2 )-binding protein (CBP) modulates co-operation between myocyte enhancer factor 2A ( PROTEIN and thyroid hormone receptor-retinoid X receptor,no
HPRD50.d19.s0_124, PROTEIN PROTEIN (' PROTEIN1 )-binding protein (CBP) modulates co-operation between myocyte enhancer factor 2A ( PROTEIN2 and thyroid hormone receptor-retinoid X receptor,yes
HPRD50.d19.s1_125, PROTEIN1 PROTEIN2 (' PROTEIN )-binding protein (CBP) interacting with transcription factors is able to increase their activity on target gene promoters,no
HPRD50.d19.s1_126, PROTEIN1 PROTEIN (' PROTEIN2 )-binding protein (CBP) interacting with transcription factors is able to increase their activity on target gene promoters,no
HPRD50.d19.s1_127, PROTEIN PROTEIN1 (' PROTEIN2 )-binding protein (CBP) interacting with transcription factors is able to increase their activity on target gene promoters,no
HPRD50.d19.s2_128,"Our findings showed that the same C-terminal portion of PROTEIN1 binds the N-terminal domains of both TR and PROTEIN2 and our in vivo studies demonstrated that TR, PROTEIN and PROTEIN form a ternary complex",yes
HPRD50.d19.s2_129,"Our findings showed that the same C-terminal portion of PROTEIN1 binds the N-terminal domains of both TR and PROTEIN and our in vivo studies demonstrated that TR, PROTEIN2 and PROTEIN form a ternary complex",no
HPRD50.d19.s2_130,"Our findings showed that the same C-terminal portion of PROTEIN1 binds the N-terminal domains of both TR and PROTEIN and our in vivo studies demonstrated that TR, PROTEIN and PROTEIN2 form a ternary complex",no
HPRD50.d19.s2_131,"Our findings showed that the same C-terminal portion of PROTEIN binds the N-terminal domains of both TR and PROTEIN1 and our in vivo studies demonstrated that TR, PROTEIN2 and PROTEIN form a ternary complex",no
HPRD50.d19.s2_132,"Our findings showed that the same C-terminal portion of PROTEIN binds the N-terminal domains of both TR and PROTEIN1 and our in vivo studies demonstrated that TR, PROTEIN and PROTEIN2 form a ternary complex",no
HPRD50.d19.s2_133,"Our findings showed that the same C-terminal portion of PROTEIN binds the N-terminal domains of both TR and PROTEIN and our in vivo studies demonstrated that TR, PROTEIN1 and PROTEIN2 form a ternary complex",yes
HPRD50.d20.s0_134,"The human PROTEIN1 and PROTEIN proteins form a ternary complex with hMpp10, which only interacts with the U3 PROTEIN2 in 60-80S ribonucleoprotein complexes",yes
HPRD50.d20.s0_135,"The human PROTEIN and PROTEIN1 proteins form a ternary complex with hMpp10, which only interacts with the U3 PROTEIN2 in 60-80S ribonucleoprotein complexes",yes
HPRD50.d20.s0_136,"The human PROTEIN1 and PROTEIN2 proteins form a ternary complex with hMpp10, which only interacts with the U3 PROTEIN in 60-80S ribonucleoprotein complexes",yes
HPRD50.d20.s1_137,We have cloned cDNAs encoding the human and mouse homologs of the yeast U3 snoRNP-associated proteins PROTEIN1 and PROTEIN2 ,no
HPRD50.d20.s2_138,"The results of complementation experiments show that, in contrast to mouse PROTEIN1 mouse PROTEIN can partially alleviate the growth defect of the corresponding yeast null strain, indicating that the role of PROTEIN2 in pre-rRNA processing is evolutionarily conserved",no
HPRD50.d20.s2_139,"The results of complementation experiments show that, in contrast to mouse PROTEIN1 mouse PROTEIN2 can partially alleviate the growth defect of the corresponding yeast null strain, indicating that the role of PROTEIN in pre-rRNA processing is evolutionarily conserved",no
HPRD50.d20.s2_140,"The results of complementation experiments show that, in contrast to mouse PROTEIN mouse PROTEIN1 can partially alleviate the growth defect of the corresponding yeast null strain, indicating that the role of PROTEIN2 in pre-rRNA processing is evolutionarily conserved",no
HPRD50.d20.s3_141,"The results of density gradient centrifugation experiments show that, in contrast to hU3-55K, the human PROTEIN1 and PROTEIN2 proteins predominantly interact with the U3 PROTEIN in 60-80S ribonucleoprotein complexes",no
HPRD50.d20.s3_142,"The results of density gradient centrifugation experiments show that, in contrast to hU3-55K, the human PROTEIN1 and PROTEIN proteins predominantly interact with the U3 PROTEIN2 in 60-80S ribonucleoprotein complexes",yes
HPRD50.d20.s3_143,"The results of density gradient centrifugation experiments show that, in contrast to hU3-55K, the human PROTEIN and PROTEIN1 proteins predominantly interact with the U3 PROTEIN2 in 60-80S ribonucleoprotein complexes",yes
HPRD50.d21.s0_144,"In the present study, we observed evidence of cross-talk between the cannabinoid receptor PROTEIN1 and the PROTEIN2 ( PROTEIN using a heterologous system",yes
HPRD50.d21.s0_145,"In the present study, we observed evidence of cross-talk between the cannabinoid receptor PROTEIN1 and the PROTEIN ( PROTEIN2 using a heterologous system",yes
HPRD50.d21.s0_146,"In the present study, we observed evidence of cross-talk between the cannabinoid receptor PROTEIN and the PROTEIN1 ( PROTEIN2 using a heterologous system",no
HPRD50.d21.s1_147,In contrast to PROTEIN1 the potency of direct activation of PROTEIN was not affected by co-expression with PROTEIN2 ,no
HPRD50.d21.s1_148,In contrast to PROTEIN1 the potency of direct activation of PROTEIN2 was not affected by co-expression with PROTEIN ,no
HPRD50.d21.s1_149,In contrast to PROTEIN the potency of direct activation of PROTEIN1 was not affected by co-expression with PROTEIN2 ,no
HPRD50.d21.s2_150,"In addition, electron microscopy experiments revealed that PROTEIN1 and PROTEIN2 are closely apposed at the plasma membrane level; they are close enough to form hetero-oligomers",no
HPRD50.d22.s0_151, PROTEIN a Rho family PROTEIN that interacts with signaling adapters PROTEIN1 and PROTEIN2 ,no
HPRD50.d22.s0_152, PROTEIN1 a Rho family PROTEIN that interacts with signaling adapters PROTEIN and PROTEIN2 ,yes
HPRD50.d22.s0_153, PROTEIN a Rho family PROTEIN1 that interacts with signaling adapters PROTEIN and PROTEIN2 ,yes
HPRD50.d22.s0_154, PROTEIN1 a Rho family PROTEIN that interacts with signaling adapters PROTEIN2 and PROTEIN ,yes
HPRD50.d22.s0_155, PROTEIN a Rho family PROTEIN1 that interacts with signaling adapters PROTEIN2 and PROTEIN ,yes
HPRD50.d22.s0_156, PROTEIN1 a Rho family PROTEIN2 that interacts with signaling adapters PROTEIN and PROTEIN ,no
HPRD50.d22.s1_157," PROTEIN1 and PROTEIN are scaffolding proteins acting downstream of cell surface receptors and interact with a variety of cytoplasmic signaling proteins such as PROTEIN PROTEIN2 PROTEIN Shc, and Crk",yes
HPRD50.d22.s1_158," PROTEIN1 and PROTEIN are scaffolding proteins acting downstream of cell surface receptors and interact with a variety of cytoplasmic signaling proteins such as PROTEIN PROTEIN PROTEIN2 Shc, and Crk",yes
HPRD50.d22.s1_159," PROTEIN1 and PROTEIN are scaffolding proteins acting downstream of cell surface receptors and interact with a variety of cytoplasmic signaling proteins such as PROTEIN2 PROTEIN PROTEIN Shc, and Crk",yes
HPRD50.d22.s1_160," PROTEIN1 and PROTEIN2 are scaffolding proteins acting downstream of cell surface receptors and interact with a variety of cytoplasmic signaling proteins such as PROTEIN PROTEIN PROTEIN Shc, and Crk",no
HPRD50.d22.s1_161," PROTEIN and PROTEIN are scaffolding proteins acting downstream of cell surface receptors and interact with a variety of cytoplasmic signaling proteins such as PROTEIN PROTEIN1 PROTEIN2 Shc, and Crk",no
HPRD50.d22.s1_162," PROTEIN and PROTEIN are scaffolding proteins acting downstream of cell surface receptors and interact with a variety of cytoplasmic signaling proteins such as PROTEIN1 PROTEIN2 PROTEIN Shc, and Crk",no
HPRD50.d22.s1_163," PROTEIN and PROTEIN1 are scaffolding proteins acting downstream of cell surface receptors and interact with a variety of cytoplasmic signaling proteins such as PROTEIN PROTEIN2 PROTEIN Shc, and Crk",yes
HPRD50.d22.s1_164," PROTEIN and PROTEIN are scaffolding proteins acting downstream of cell surface receptors and interact with a variety of cytoplasmic signaling proteins such as PROTEIN1 PROTEIN PROTEIN2 Shc, and Crk",no
HPRD50.d22.s1_165," PROTEIN and PROTEIN1 are scaffolding proteins acting downstream of cell surface receptors and interact with a variety of cytoplasmic signaling proteins such as PROTEIN PROTEIN PROTEIN2 Shc, and Crk",yes
HPRD50.d22.s1_166," PROTEIN and PROTEIN1 are scaffolding proteins acting downstream of cell surface receptors and interact with a variety of cytoplasmic signaling proteins such as PROTEIN2 PROTEIN PROTEIN Shc, and Crk",yes
HPRD50.d22.s2_167,"In addition, PROTEIN1 contains several classic proline-rich motifs, and it interacts with the first SH3 domain of Crk and full-length PROTEIN2 in vitro",yes
HPRD50.d22.s3_168,"We propose that PROTEIN1 and PROTEIN in cooperation with other adapter molecules might regulate the cellular localization of PROTEIN under specific stimuli, acting to regulate precisely Rac and PROTEIN2 activities",yes
HPRD50.d22.s3_169,"We propose that PROTEIN and PROTEIN1 in cooperation with other adapter molecules might regulate the cellular localization of PROTEIN under specific stimuli, acting to regulate precisely Rac and PROTEIN2 activities",yes
HPRD50.d22.s3_170,"We propose that PROTEIN and PROTEIN in cooperation with other adapter molecules might regulate the cellular localization of PROTEIN1 under specific stimuli, acting to regulate precisely Rac and PROTEIN2 activities",no
HPRD50.d22.s3_171,"We propose that PROTEIN1 and PROTEIN2 in cooperation with other adapter molecules might regulate the cellular localization of PROTEIN under specific stimuli, acting to regulate precisely Rac and PROTEIN activities",no
HPRD50.d22.s3_172,"We propose that PROTEIN1 and PROTEIN in cooperation with other adapter molecules might regulate the cellular localization of PROTEIN2 under specific stimuli, acting to regulate precisely Rac and PROTEIN activities",yes
HPRD50.d22.s3_173,"We propose that PROTEIN and PROTEIN1 in cooperation with other adapter molecules might regulate the cellular localization of PROTEIN2 under specific stimuli, acting to regulate precisely Rac and PROTEIN activities",yes
HPRD50.d22.s4_174,This work led to identification of a novel PROTEIN1 ( PROTEIN2 for Rho family GTPases,no
HPRD50.d22.s5_175,"The GAP domain shows high similarity to the recently cloned PROTEIN1 and displays activity toward RhoA, PROTEIN2 and PROTEIN in vitro",no
HPRD50.d22.s5_176,"The GAP domain shows high similarity to the recently cloned PROTEIN and displays activity toward RhoA, PROTEIN1 and PROTEIN2 in vitro",no
HPRD50.d22.s5_177,"The GAP domain shows high similarity to the recently cloned PROTEIN1 and displays activity toward RhoA, PROTEIN and PROTEIN2 in vitro",no
HPRD50.d22.s6_178,The protein was named PROTEIN for its ability to interact with PROTEIN1 proteins and its activity toward Rac and PROTEIN2 ,no
HPRD50.d22.s6_179,The protein was named PROTEIN1 for its ability to interact with PROTEIN proteins and its activity toward Rac and PROTEIN2 ,yes
HPRD50.d22.s6_180,The protein was named PROTEIN1 for its ability to interact with PROTEIN2 proteins and its activity toward Rac and PROTEIN ,yes
HPRD50.d22.s7_181,Expression of PROTEIN1 in 293T cells led to a reduction in active PROTEIN2 and PROTEIN levels but not RhoA,yes
HPRD50.d22.s7_182,Expression of PROTEIN1 in 293T cells led to a reduction in active PROTEIN and PROTEIN2 levels but not RhoA,yes
HPRD50.d22.s7_183,Expression of PROTEIN in 293T cells led to a reduction in active PROTEIN1 and PROTEIN2 levels but not RhoA,no
HPRD50.d23.s0_184,A role for PROTEIN1 phosphorylation of PROTEIN2 in cytokinesis,yes
HPRD50.d23.s1_185,"Here, we characterize the interaction between PROTEIN1 and PROTEIN show that PROTEIN phosphorylates PROTEIN2 at conserved S274 and S326 residues in vitro, and present evidence that PROTEIN is also a substrate for PROTEIN in vivo",no
HPRD50.d23.s1_186,"Here, we characterize the interaction between PROTEIN and PROTEIN show that PROTEIN phosphorylates PROTEIN1 at conserved S274 and S326 residues in vitro, and present evidence that PROTEIN2 is also a substrate for PROTEIN in vivo",no
HPRD50.d23.s1_187,"Here, we characterize the interaction between PROTEIN and PROTEIN show that PROTEIN phosphorylates PROTEIN1 at conserved S274 and S326 residues in vitro, and present evidence that PROTEIN is also a substrate for PROTEIN2 in vivo",no
HPRD50.d23.s1_188,"Here, we characterize the interaction between PROTEIN and PROTEIN1 show that PROTEIN phosphorylates PROTEIN2 at conserved S274 and S326 residues in vitro, and present evidence that PROTEIN is also a substrate for PROTEIN in vivo",no
HPRD50.d23.s1_189,"Here, we characterize the interaction between PROTEIN and PROTEIN show that PROTEIN1 phosphorylates PROTEIN2 at conserved S274 and S326 residues in vitro, and present evidence that PROTEIN is also a substrate for PROTEIN in vivo",yes
HPRD50.d23.s1_190,"Here, we characterize the interaction between PROTEIN1 and PROTEIN show that PROTEIN phosphorylates PROTEIN at conserved S274 and S326 residues in vitro, and present evidence that PROTEIN2 is also a substrate for PROTEIN in vivo",no
HPRD50.d23.s1_191,"Here, we characterize the interaction between PROTEIN1 and PROTEIN show that PROTEIN phosphorylates PROTEIN at conserved S274 and S326 residues in vitro, and present evidence that PROTEIN is also a substrate for PROTEIN2 in vivo",no
HPRD50.d23.s1_192,"Here, we characterize the interaction between PROTEIN1 and PROTEIN2 show that PROTEIN phosphorylates PROTEIN at conserved S274 and S326 residues in vitro, and present evidence that PROTEIN is also a substrate for PROTEIN in vivo",yes
HPRD50.d23.s1_193,"Here, we characterize the interaction between PROTEIN1 and PROTEIN show that PROTEIN2 phosphorylates PROTEIN at conserved S274 and S326 residues in vitro, and present evidence that PROTEIN is also a substrate for PROTEIN in vivo",no
HPRD50.d23.s1_194,"Here, we characterize the interaction between PROTEIN and PROTEIN show that PROTEIN phosphorylates PROTEIN at conserved S274 and S326 residues in vitro, and present evidence that PROTEIN1 is also a substrate for PROTEIN2 in vivo",yes
HPRD50.d23.s1_195,"Here, we characterize the interaction between PROTEIN and PROTEIN1 show that PROTEIN phosphorylates PROTEIN at conserved S274 and S326 residues in vitro, and present evidence that PROTEIN2 is also a substrate for PROTEIN in vivo",no
HPRD50.d23.s1_196,"Here, we characterize the interaction between PROTEIN and PROTEIN show that PROTEIN1 phosphorylates PROTEIN at conserved S274 and S326 residues in vitro, and present evidence that PROTEIN2 is also a substrate for PROTEIN in vivo",no
HPRD50.d23.s1_197,"Here, we characterize the interaction between PROTEIN and PROTEIN1 show that PROTEIN phosphorylates PROTEIN at conserved S274 and S326 residues in vitro, and present evidence that PROTEIN is also a substrate for PROTEIN2 in vivo",no
HPRD50.d23.s1_198,"Here, we characterize the interaction between PROTEIN and PROTEIN show that PROTEIN1 phosphorylates PROTEIN at conserved S274 and S326 residues in vitro, and present evidence that PROTEIN is also a substrate for PROTEIN2 in vivo",no
HPRD50.d23.s1_199,"Here, we characterize the interaction between PROTEIN and PROTEIN1 show that PROTEIN2 phosphorylates PROTEIN at conserved S274 and S326 residues in vitro, and present evidence that PROTEIN is also a substrate for PROTEIN in vivo",no
HPRD50.d23.s2_200,"Downregulation of PROTEIN by RNA interference results in multiple mitotic defects, including multinucleation and cells arrested at the midbody stage, which are rescued by ectopic expression of wild-type PROTEIN1 but not by PROTEIN with mutations in the PROTEIN2 phosphorylation sites",no
HPRD50.d23.s2_201,"Downregulation of PROTEIN1 by RNA interference results in multiple mitotic defects, including multinucleation and cells arrested at the midbody stage, which are rescued by ectopic expression of wild-type PROTEIN2 but not by PROTEIN with mutations in the PROTEIN phosphorylation sites",no
HPRD50.d23.s2_202,"Downregulation of PROTEIN by RNA interference results in multiple mitotic defects, including multinucleation and cells arrested at the midbody stage, which are rescued by ectopic expression of wild-type PROTEIN1 but not by PROTEIN2 with mutations in the PROTEIN phosphorylation sites",no
HPRD50.d23.s2_203,"Downregulation of PROTEIN1 by RNA interference results in multiple mitotic defects, including multinucleation and cells arrested at the midbody stage, which are rescued by ectopic expression of wild-type PROTEIN but not by PROTEIN with mutations in the PROTEIN2 phosphorylation sites",no
HPRD50.d23.s2_204,"Downregulation of PROTEIN by RNA interference results in multiple mitotic defects, including multinucleation and cells arrested at the midbody stage, which are rescued by ectopic expression of wild-type PROTEIN but not by PROTEIN1 with mutations in the PROTEIN2 phosphorylation sites",no
HPRD50.d23.s2_205,"Downregulation of PROTEIN1 by RNA interference results in multiple mitotic defects, including multinucleation and cells arrested at the midbody stage, which are rescued by ectopic expression of wild-type PROTEIN but not by PROTEIN2 with mutations in the PROTEIN phosphorylation sites",no
HPRD50.d23.s3_206,These results suggest that PROTEIN1 phosphorylation of PROTEIN2 may influence cytokinesis,yes
HPRD50.d24.s0_207,Specific interaction of PROTEIN1 and c/EBPbeta leads to the transcriptional activation of the human PROTEIN2 gene,yes
HPRD50.d24.s1_208,The sterol-independent regulatory element (SIRE) of the PROTEIN1 ( PROTEIN2 promoter mediates PROTEIN (OM)-induced transcription of the PROTEIN gene through a cholesterol-independent pathway,no
HPRD50.d24.s1_209,The sterol-independent regulatory element (SIRE) of the PROTEIN1 ( PROTEIN promoter mediates PROTEIN (OM)-induced transcription of the PROTEIN2 gene through a cholesterol-independent pathway,no
HPRD50.d24.s1_210,The sterol-independent regulatory element (SIRE) of the PROTEIN1 ( PROTEIN promoter mediates PROTEIN2 (OM)-induced transcription of the PROTEIN gene through a cholesterol-independent pathway,yes
HPRD50.d24.s1_211,The sterol-independent regulatory element (SIRE) of the PROTEIN ( PROTEIN1 promoter mediates PROTEIN (OM)-induced transcription of the PROTEIN2 gene through a cholesterol-independent pathway,no
HPRD50.d24.s1_212,The sterol-independent regulatory element (SIRE) of the PROTEIN ( PROTEIN1 promoter mediates PROTEIN2 (OM)-induced transcription of the PROTEIN gene through a cholesterol-independent pathway,yes
HPRD50.d24.s1_213,The sterol-independent regulatory element (SIRE) of the PROTEIN ( PROTEIN promoter mediates PROTEIN1 (OM)-induced transcription of the PROTEIN2 gene through a cholesterol-independent pathway,yes
HPRD50.d25.s0_214, PROTEIN orphan receptor functions as negative modulator for PROTEIN1 in prostate cancer cells PROTEIN2 ,no
HPRD50.d25.s0_215, PROTEIN1 orphan receptor functions as negative modulator for PROTEIN2 in prostate cancer cells PROTEIN ,yes
HPRD50.d25.s0_216, PROTEIN1 orphan receptor functions as negative modulator for PROTEIN in prostate cancer cells PROTEIN2 ,no
HPRD50.d25.s1_217,BACKGROUND: Both PROTEIN1 (AR) and orphan receptor PROTEIN2 ( PROTEIN belong to the steroid nuclear receptor superfamily and are expressed in prostate cancer tissue and cell lines,no
HPRD50.d25.s1_218,BACKGROUND: Both PROTEIN1 (AR) and orphan receptor PROTEIN ( PROTEIN2 belong to the steroid nuclear receptor superfamily and are expressed in prostate cancer tissue and cell lines,no
HPRD50.d25.s1_219,BACKGROUND: Both PROTEIN (AR) and orphan receptor PROTEIN1 ( PROTEIN2 belong to the steroid nuclear receptor superfamily and are expressed in prostate cancer tissue and cell lines,no
HPRD50.d25.s2_220,The interaction between AR and PROTEIN1 was assessed by PROTEIN ( PROTEIN2 pull-down assay and mammalian two-hybrid system assay,no
HPRD50.d25.s2_221,The interaction between AR and PROTEIN1 was assessed by PROTEIN2 ( PROTEIN pull-down assay and mammalian two-hybrid system assay,no
HPRD50.d25.s2_222,The interaction between AR and PROTEIN was assessed by PROTEIN1 ( PROTEIN2 pull-down assay and mammalian two-hybrid system assay,no
HPRD50.d26.s0_223,The protein PROTEIN1 functions in a multi-subunit E3 ubiquitin ligase that targets the hypoxia-inducible transcription factor PROTEIN2 for proteasomal degradation during normoxia,yes
HPRD50.d26.s1_224,"We establish that PROTEIN1 binds to PROTEIN ( PROTEIN2 , a component of the 19S regulatory complex of the proteasome",yes
HPRD50.d26.s1_225,"We establish that PROTEIN binds to PROTEIN1 ( PROTEIN2 , a component of the 19S regulatory complex of the proteasome",no
HPRD50.d26.s1_226,"We establish that PROTEIN1 binds to PROTEIN2 ( PROTEIN , a component of the 19S regulatory complex of the proteasome",yes
HPRD50.d26.s2_227, PROTEIN1 associates with the beta-domain of PROTEIN2 and complexes with PROTEIN and PROTEIN in vivo,yes
HPRD50.d26.s2_228, PROTEIN1 associates with the beta-domain of PROTEIN and complexes with PROTEIN2 and PROTEIN in vivo,yes
HPRD50.d26.s2_229, PROTEIN1 associates with the beta-domain of PROTEIN and complexes with PROTEIN and PROTEIN2 in vivo,yes
HPRD50.d26.s2_230, PROTEIN associates with the beta-domain of PROTEIN1 and complexes with PROTEIN2 and PROTEIN in vivo,no
HPRD50.d26.s2_231, PROTEIN associates with the beta-domain of PROTEIN1 and complexes with PROTEIN and PROTEIN2 in vivo,no
HPRD50.d26.s2_232, PROTEIN associates with the beta-domain of PROTEIN and complexes with PROTEIN1 and PROTEIN2 in vivo,no
HPRD50.d26.s3_233,Overexpression of PROTEIN1 promotes degradation of PROTEIN2 in a pVHL-dependent manner that requires the ATPase domain of PROTEIN ,yes
HPRD50.d26.s3_234,Overexpression of PROTEIN promotes degradation of PROTEIN1 in a pVHL-dependent manner that requires the ATPase domain of PROTEIN2 ,yes
HPRD50.d26.s3_235,Overexpression of PROTEIN1 promotes degradation of PROTEIN in a pVHL-dependent manner that requires the ATPase domain of PROTEIN2 ,no
HPRD50.d26.s4_236,Blockade of PROTEIN1 expression by small interfering RNA (siRNA) causes prolonged degradation kinetics of PROTEIN2 ,yes
HPRD50.d26.s5_237,Several distinct mutations in exon 2 of PROTEIN1 disrupt binding of PROTEIN2 to PROTEIN ,no
HPRD50.d26.s5_238,Several distinct mutations in exon 2 of PROTEIN1 disrupt binding of PROTEIN to PROTEIN2 ,yes
HPRD50.d26.s5_239,Several distinct mutations in exon 2 of PROTEIN disrupt binding of PROTEIN1 to PROTEIN2 ,yes
HPRD50.d26.s6_240,A PROTEIN mutant containing a P154L substitution coimmunoprecipitates with PROTEIN but not PROTEIN1 and does not promote degradation of PROTEIN2 ,no
HPRD50.d26.s6_241,A PROTEIN1 mutant containing a P154L substitution coimmunoprecipitates with PROTEIN but not PROTEIN and does not promote degradation of PROTEIN2 ,no
HPRD50.d26.s6_242,A PROTEIN mutant containing a P154L substitution coimmunoprecipitates with PROTEIN1 but not PROTEIN and does not promote degradation of PROTEIN2 ,no
HPRD50.d26.s6_243,A PROTEIN1 mutant containing a P154L substitution coimmunoprecipitates with PROTEIN but not PROTEIN2 and does not promote degradation of PROTEIN ,no
HPRD50.d26.s6_244,A PROTEIN mutant containing a P154L substitution coimmunoprecipitates with PROTEIN1 but not PROTEIN2 and does not promote degradation of PROTEIN ,no
HPRD50.d26.s6_245,A PROTEIN1 mutant containing a P154L substitution coimmunoprecipitates with PROTEIN2 but not PROTEIN and does not promote degradation of PROTEIN ,yes
HPRD50.d26.s7_246,"Thus, the ability of PROTEIN to degrade PROTEIN1 depends in part on its interaction with PROTEIN and suggests a new mechanism for PROTEIN2 stabilization in some PROTEIN deficient tumors",no
HPRD50.d26.s7_247,"Thus, the ability of PROTEIN to degrade PROTEIN1 depends in part on its interaction with PROTEIN and suggests a new mechanism for PROTEIN stabilization in some PROTEIN2 deficient tumors",no
HPRD50.d26.s7_248,"Thus, the ability of PROTEIN1 to degrade PROTEIN2 depends in part on its interaction with PROTEIN and suggests a new mechanism for PROTEIN stabilization in some PROTEIN deficient tumors",yes
HPRD50.d26.s7_249,"Thus, the ability of PROTEIN to degrade PROTEIN1 depends in part on its interaction with PROTEIN2 and suggests a new mechanism for PROTEIN stabilization in some PROTEIN deficient tumors",no
HPRD50.d26.s7_250,"Thus, the ability of PROTEIN to degrade PROTEIN depends in part on its interaction with PROTEIN and suggests a new mechanism for PROTEIN1 stabilization in some PROTEIN2 deficient tumors",yes
HPRD50.d26.s7_251,"Thus, the ability of PROTEIN1 to degrade PROTEIN depends in part on its interaction with PROTEIN and suggests a new mechanism for PROTEIN2 stabilization in some PROTEIN deficient tumors",no
HPRD50.d26.s7_252,"Thus, the ability of PROTEIN to degrade PROTEIN depends in part on its interaction with PROTEIN1 and suggests a new mechanism for PROTEIN2 stabilization in some PROTEIN deficient tumors",no
HPRD50.d26.s7_253,"Thus, the ability of PROTEIN1 to degrade PROTEIN depends in part on its interaction with PROTEIN and suggests a new mechanism for PROTEIN stabilization in some PROTEIN2 deficient tumors",no
HPRD50.d26.s7_254,"Thus, the ability of PROTEIN to degrade PROTEIN depends in part on its interaction with PROTEIN1 and suggests a new mechanism for PROTEIN stabilization in some PROTEIN2 deficient tumors",no
HPRD50.d26.s7_255,"Thus, the ability of PROTEIN1 to degrade PROTEIN depends in part on its interaction with PROTEIN2 and suggests a new mechanism for PROTEIN stabilization in some PROTEIN deficient tumors",yes
HPRD50.d27.s0_256, PROTEIN1 PROTEIN memA interacts with PROTEIN2 PROTEIN and SRrp130 in corneal epithelial cells,yes
HPRD50.d27.s0_257, PROTEIN1 PROTEIN memA interacts with PROTEIN PROTEIN2 and SRrp130 in corneal epithelial cells,yes
HPRD50.d27.s0_258, PROTEIN1 PROTEIN2 memA interacts with PROTEIN PROTEIN and SRrp130 in corneal epithelial cells,no
HPRD50.d27.s0_259, PROTEIN PROTEIN memA interacts with PROTEIN1 PROTEIN2 and SRrp130 in corneal epithelial cells,no
HPRD50.d27.s0_260, PROTEIN PROTEIN1 memA interacts with PROTEIN2 PROTEIN and SRrp130 in corneal epithelial cells,yes
HPRD50.d27.s0_261, PROTEIN PROTEIN1 memA interacts with PROTEIN PROTEIN2 and SRrp130 in corneal epithelial cells,yes
HPRD50.d27.s1_262,"Three SR-rich proteins were identified that interact with the C-terminus of Pnn: PROTEIN1 and PROTEIN2 known components of spliceosome machinery, and a novel 130-kDa nuclear protein, SRrp130",no
HPRD50.d29.s0_263,Modification of de novo DNA methyltransferase 3a ( PROTEIN1 by PROTEIN2 modulates its interaction with histone deacetylases (HDACs) and its capacity to repress transcription,yes
HPRD50.d29.s1_264,"Here we show that PROTEIN1 interacts with multiple components of the sumoylation machinery, namely the E2 sumo conjugating enzyme PROTEIN2 and the E3 sumo ligases PROTEIN and PROTEIN all of which are involved in conjugating the small ubiquitin-like modifier polypeptide, PROTEIN to its target proteins",yes
HPRD50.d29.s1_265,"Here we show that PROTEIN interacts with multiple components of the sumoylation machinery, namely the E2 sumo conjugating enzyme PROTEIN1 and the E3 sumo ligases PROTEIN2 and PROTEIN all of which are involved in conjugating the small ubiquitin-like modifier polypeptide, PROTEIN to its target proteins",no
HPRD50.d29.s1_266,"Here we show that PROTEIN interacts with multiple components of the sumoylation machinery, namely the E2 sumo conjugating enzyme PROTEIN1 and the E3 sumo ligases PROTEIN and PROTEIN2 all of which are involved in conjugating the small ubiquitin-like modifier polypeptide, PROTEIN to its target proteins",no
HPRD50.d29.s1_267,"Here we show that PROTEIN interacts with multiple components of the sumoylation machinery, namely the E2 sumo conjugating enzyme PROTEIN1 and the E3 sumo ligases PROTEIN and PROTEIN all of which are involved in conjugating the small ubiquitin-like modifier polypeptide, PROTEIN2 to its target proteins",yes
HPRD50.d29.s1_268,"Here we show that PROTEIN1 interacts with multiple components of the sumoylation machinery, namely the E2 sumo conjugating enzyme PROTEIN and the E3 sumo ligases PROTEIN2 and PROTEIN all of which are involved in conjugating the small ubiquitin-like modifier polypeptide, PROTEIN to its target proteins",yes
HPRD50.d29.s1_269,"Here we show that PROTEIN1 interacts with multiple components of the sumoylation machinery, namely the E2 sumo conjugating enzyme PROTEIN and the E3 sumo ligases PROTEIN and PROTEIN2 all of which are involved in conjugating the small ubiquitin-like modifier polypeptide, PROTEIN to its target proteins",yes
HPRD50.d29.s1_270,"Here we show that PROTEIN1 interacts with multiple components of the sumoylation machinery, namely the E2 sumo conjugating enzyme PROTEIN and the E3 sumo ligases PROTEIN and PROTEIN all of which are involved in conjugating the small ubiquitin-like modifier polypeptide, PROTEIN2 to its target proteins",no
HPRD50.d29.s1_271,"Here we show that PROTEIN interacts with multiple components of the sumoylation machinery, namely the E2 sumo conjugating enzyme PROTEIN and the E3 sumo ligases PROTEIN1 and PROTEIN2 all of which are involved in conjugating the small ubiquitin-like modifier polypeptide, PROTEIN to its target proteins",no
HPRD50.d29.s1_272,"Here we show that PROTEIN interacts with multiple components of the sumoylation machinery, namely the E2 sumo conjugating enzyme PROTEIN and the E3 sumo ligases PROTEIN1 and PROTEIN all of which are involved in conjugating the small ubiquitin-like modifier polypeptide, PROTEIN2 to its target proteins",yes
HPRD50.d29.s1_273,"Here we show that PROTEIN interacts with multiple components of the sumoylation machinery, namely the E2 sumo conjugating enzyme PROTEIN and the E3 sumo ligases PROTEIN and PROTEIN1 all of which are involved in conjugating the small ubiquitin-like modifier polypeptide, PROTEIN2 to its target proteins",yes
HPRD50.d29.s2_274, PROTEIN1 is modified by PROTEIN in vivo and in vitro and the region of PROTEIN2 responsible for interaction maps to the N-terminal regulatory domain,no
HPRD50.d29.s2_275, PROTEIN1 is modified by PROTEIN2 in vivo and in vitro and the region of PROTEIN responsible for interaction maps to the N-terminal regulatory domain,yes
HPRD50.d29.s2_276, PROTEIN is modified by PROTEIN1 in vivo and in vitro and the region of PROTEIN2 responsible for interaction maps to the N-terminal regulatory domain,no
HPRD50.d29.s3_277,"Functionally, sumoylation of PROTEIN1 disrupts its ability to interact with histone deacetylases ( PROTEIN2 2), but not with another interaction partner, PROTEIN ",yes
HPRD50.d29.s3_278,"Functionally, sumoylation of PROTEIN disrupts its ability to interact with histone deacetylases ( PROTEIN1 2), but not with another interaction partner, PROTEIN2 ",no
HPRD50.d29.s3_279,"Functionally, sumoylation of PROTEIN1 disrupts its ability to interact with histone deacetylases ( PROTEIN 2), but not with another interaction partner, PROTEIN2 ",no
HPRD50.d30.s0_280,The tyrosine kinase PROTEIN1 is physically associated with the Type I interferon ( PROTEIN receptor complex and is rapidly activated during PROTEIN2 stimulation,yes
HPRD50.d30.s0_281,The tyrosine kinase PROTEIN is physically associated with the Type I interferon ( PROTEIN1 receptor complex and is rapidly activated during PROTEIN2 stimulation,no
HPRD50.d30.s0_282,The tyrosine kinase PROTEIN1 is physically associated with the Type I interferon ( PROTEIN2 receptor complex and is rapidly activated during PROTEIN stimulation,yes
HPRD50.d31.s0_283, PROTEIN1 interaction with PROTEIN2 phosphatase ties mitogenic signal transduction to cell cycle activation,yes
HPRD50.d31.s1_284,We show here that PROTEIN1 phosphatase associates with PROTEIN2 in somatic mammalian cells and in meiotic frog oocytes,yes
HPRD50.d32.s0_285,Differential binding of vascular cell-derived proteoglycans ( PROTEIN1 PROTEIN2 PROTEIN and PROTEIN to the beta-amyloid protein of Alzheimer's disease,no
HPRD50.d32.s0_286,Differential binding of vascular cell-derived proteoglycans ( PROTEIN PROTEIN1 PROTEIN2 and PROTEIN to the beta-amyloid protein of Alzheimer's disease,no
HPRD50.d32.s0_287,Differential binding of vascular cell-derived proteoglycans ( PROTEIN PROTEIN1 PROTEIN and PROTEIN2 to the beta-amyloid protein of Alzheimer's disease,no
HPRD50.d32.s0_288,Differential binding of vascular cell-derived proteoglycans ( PROTEIN1 PROTEIN PROTEIN2 and PROTEIN to the beta-amyloid protein of Alzheimer's disease,no
HPRD50.d32.s0_289,Differential binding of vascular cell-derived proteoglycans ( PROTEIN1 PROTEIN PROTEIN and PROTEIN2 to the beta-amyloid protein of Alzheimer's disease,no
HPRD50.d32.s0_290,Differential binding of vascular cell-derived proteoglycans ( PROTEIN PROTEIN PROTEIN1 and PROTEIN2 to the beta-amyloid protein of Alzheimer's disease,no
HPRD50.d32.s1_291,"Previous studies have demonstrated the immunolocalization of PROTEIN1 a specific PROTEIN2 to the PROTEIN protein (A beta)-containing PROTEIN deposits within the walls of blood vessels (i.e., congophilic angiopathy) in Alzheimer's disease (AD) brain",no
HPRD50.d32.s1_292,"Previous studies have demonstrated the immunolocalization of PROTEIN1 a specific PROTEIN to the PROTEIN2 protein (A beta)-containing PROTEIN deposits within the walls of blood vessels (i.e., congophilic angiopathy) in Alzheimer's disease (AD) brain",yes
HPRD50.d32.s1_293,"Previous studies have demonstrated the immunolocalization of PROTEIN1 a specific PROTEIN to the PROTEIN protein (A beta)-containing PROTEIN2 deposits within the walls of blood vessels (i.e., congophilic angiopathy) in Alzheimer's disease (AD) brain",yes
HPRD50.d32.s1_294,"Previous studies have demonstrated the immunolocalization of PROTEIN a specific PROTEIN1 to the PROTEIN2 protein (A beta)-containing PROTEIN deposits within the walls of blood vessels (i.e., congophilic angiopathy) in Alzheimer's disease (AD) brain",yes
HPRD50.d32.s1_295,"Previous studies have demonstrated the immunolocalization of PROTEIN a specific PROTEIN1 to the PROTEIN protein (A beta)-containing PROTEIN2 deposits within the walls of blood vessels (i.e., congophilic angiopathy) in Alzheimer's disease (AD) brain",yes
HPRD50.d32.s1_296,"Previous studies have demonstrated the immunolocalization of PROTEIN a specific PROTEIN to the PROTEIN1 protein (A beta)-containing PROTEIN2 deposits within the walls of blood vessels (i.e., congophilic angiopathy) in Alzheimer's disease (AD) brain",no
HPRD50.d32.s2_297,"Overall, the results indicate that specific vascular cell-derived PROTEIN1 differentially interact with A beta, and that the interactions of highest affinity occur between A beta and binding sites on both the core protein and glycosaminoglycan chains of PROTEIN2 ",no
HPRD50.d32.s3_298,"In the present investigation, the differential binding of previously characterized endothelial cell (EC)- and smooth muscle cell ( PROTEIN -derived PROTEIN1 to A beta was examined to determine whether the accumulation of A beta in cerebrovascular PROTEIN deposits may be due to its interactions with PROTEIN2 ",no
HPRD50.d32.s3_299,"In the present investigation, the differential binding of previously characterized endothelial cell (EC)- and smooth muscle cell ( PROTEIN -derived PROTEIN to A beta was examined to determine whether the accumulation of A beta in cerebrovascular PROTEIN1 deposits may be due to its interactions with PROTEIN2 ",no
HPRD50.d32.s3_300,"In the present investigation, the differential binding of previously characterized endothelial cell (EC)- and smooth muscle cell ( PROTEIN1 -derived PROTEIN to A beta was examined to determine whether the accumulation of A beta in cerebrovascular PROTEIN deposits may be due to its interactions with PROTEIN2 ",no
HPRD50.d32.s3_301,"In the present investigation, the differential binding of previously characterized endothelial cell (EC)- and smooth muscle cell ( PROTEIN -derived PROTEIN1 to A beta was examined to determine whether the accumulation of A beta in cerebrovascular PROTEIN2 deposits may be due to its interactions with PROTEIN ",no
HPRD50.d32.s3_302,"In the present investigation, the differential binding of previously characterized endothelial cell (EC)- and smooth muscle cell ( PROTEIN1 -derived PROTEIN2 to A beta was examined to determine whether the accumulation of A beta in cerebrovascular PROTEIN deposits may be due to its interactions with PROTEIN ",no
HPRD50.d32.s3_303,"In the present investigation, the differential binding of previously characterized endothelial cell (EC)- and smooth muscle cell ( PROTEIN1 -derived PROTEIN to A beta was examined to determine whether the accumulation of A beta in cerebrovascular PROTEIN2 deposits may be due to its interactions with PROTEIN ",no
HPRD50.d32.s4_304,"Pretreatment of AA amyloidotic splenic and liver tissue sections with synthetic A beta (1-28) produced strong immunoreactivity with A beta antibodies at tissue sites enriched in PROTEIN1 which was partially removed by pretreatment with heparitinase, but not by chondroitin PROTEIN2 lyase",no
HPRD50.d32.s5_305,"[35S]-Sulfate labeled proteoglycans ( PROTEIN1 derived from cultured ECs and SMCs bound to affinity columns containing A beta (1-28) or (1-40), with virtually no binding to A beta (40-1) (reverse peptide), beta-amyloid precursor protein (410-429), or bovine PROTEIN2 ",no
HPRD50.d32.s6_306,"Characterization of EC and PROTEIN PROTEIN bound to A beta (1-28) revealed strong binding by PROTEIN weak binding by PROTEIN1 and PROTEIN two dermatan sulfate proteoglycans, and lack of binding by PROTEIN PROTEIN2 a large chondroitin sulfate proteoglycan",no
HPRD50.d32.s6_307,"Characterization of EC and PROTEIN PROTEIN bound to A beta (1-28) revealed strong binding by PROTEIN1 weak binding by PROTEIN2 and PROTEIN two dermatan sulfate proteoglycans, and lack of binding by PROTEIN PROTEIN a large chondroitin sulfate proteoglycan",no
HPRD50.d32.s6_308,"Characterization of EC and PROTEIN PROTEIN1 bound to A beta (1-28) revealed strong binding by PROTEIN weak binding by PROTEIN2 and PROTEIN two dermatan sulfate proteoglycans, and lack of binding by PROTEIN PROTEIN a large chondroitin sulfate proteoglycan",yes
HPRD50.d32.s6_309,"Characterization of EC and PROTEIN PROTEIN bound to A beta (1-28) revealed strong binding by PROTEIN weak binding by PROTEIN1 and PROTEIN two dermatan sulfate proteoglycans, and lack of binding by PROTEIN2 PROTEIN a large chondroitin sulfate proteoglycan",no
HPRD50.d32.s6_310,"Characterization of EC and PROTEIN1 PROTEIN bound to A beta (1-28) revealed strong binding by PROTEIN weak binding by PROTEIN2 and PROTEIN two dermatan sulfate proteoglycans, and lack of binding by PROTEIN PROTEIN a large chondroitin sulfate proteoglycan",no
HPRD50.d32.s6_311,"Characterization of EC and PROTEIN PROTEIN bound to A beta (1-28) revealed strong binding by PROTEIN weak binding by PROTEIN1 and PROTEIN2 two dermatan sulfate proteoglycans, and lack of binding by PROTEIN PROTEIN a large chondroitin sulfate proteoglycan",no
HPRD50.d32.s6_312,"Characterization of EC and PROTEIN PROTEIN bound to A beta (1-28) revealed strong binding by PROTEIN1 weak binding by PROTEIN and PROTEIN two dermatan sulfate proteoglycans, and lack of binding by PROTEIN PROTEIN2 a large chondroitin sulfate proteoglycan",no
HPRD50.d32.s6_313,"Characterization of EC and PROTEIN PROTEIN1 bound to A beta (1-28) revealed strong binding by PROTEIN weak binding by PROTEIN and PROTEIN two dermatan sulfate proteoglycans, and lack of binding by PROTEIN PROTEIN2 a large chondroitin sulfate proteoglycan",no
HPRD50.d32.s6_314,"Characterization of EC and PROTEIN PROTEIN bound to A beta (1-28) revealed strong binding by PROTEIN weak binding by PROTEIN and PROTEIN two dermatan sulfate proteoglycans, and lack of binding by PROTEIN1 PROTEIN2 a large chondroitin sulfate proteoglycan",no
HPRD50.d32.s6_315,"Characterization of EC and PROTEIN1 PROTEIN bound to A beta (1-28) revealed strong binding by PROTEIN weak binding by PROTEIN and PROTEIN two dermatan sulfate proteoglycans, and lack of binding by PROTEIN PROTEIN2 a large chondroitin sulfate proteoglycan",no
HPRD50.d32.s6_316,"Characterization of EC and PROTEIN PROTEIN bound to A beta (1-28) revealed strong binding by PROTEIN weak binding by PROTEIN and PROTEIN1 two dermatan sulfate proteoglycans, and lack of binding by PROTEIN PROTEIN2 a large chondroitin sulfate proteoglycan",no
HPRD50.d32.s6_317,"Characterization of EC and PROTEIN PROTEIN1 bound to A beta (1-28) revealed strong binding by PROTEIN2 weak binding by PROTEIN and PROTEIN two dermatan sulfate proteoglycans, and lack of binding by PROTEIN PROTEIN a large chondroitin sulfate proteoglycan",yes
HPRD50.d32.s6_318,"Characterization of EC and PROTEIN PROTEIN bound to A beta (1-28) revealed strong binding by PROTEIN1 weak binding by PROTEIN and PROTEIN two dermatan sulfate proteoglycans, and lack of binding by PROTEIN2 PROTEIN a large chondroitin sulfate proteoglycan",no
HPRD50.d32.s6_319,"Characterization of EC and PROTEIN1 PROTEIN bound to A beta (1-28) revealed strong binding by PROTEIN2 weak binding by PROTEIN and PROTEIN two dermatan sulfate proteoglycans, and lack of binding by PROTEIN PROTEIN a large chondroitin sulfate proteoglycan",no
HPRD50.d32.s6_320,"Characterization of EC and PROTEIN PROTEIN bound to A beta (1-28) revealed strong binding by PROTEIN1 weak binding by PROTEIN and PROTEIN2 two dermatan sulfate proteoglycans, and lack of binding by PROTEIN PROTEIN a large chondroitin sulfate proteoglycan",no
HPRD50.d32.s6_321,"Characterization of EC and PROTEIN PROTEIN1 bound to A beta (1-28) revealed strong binding by PROTEIN weak binding by PROTEIN and PROTEIN two dermatan sulfate proteoglycans, and lack of binding by PROTEIN2 PROTEIN a large chondroitin sulfate proteoglycan",no
HPRD50.d32.s6_322,"Characterization of EC and PROTEIN1 PROTEIN2 bound to A beta (1-28) revealed strong binding by PROTEIN weak binding by PROTEIN and PROTEIN two dermatan sulfate proteoglycans, and lack of binding by PROTEIN PROTEIN a large chondroitin sulfate proteoglycan",no
HPRD50.d32.s6_323,"Characterization of EC and PROTEIN PROTEIN1 bound to A beta (1-28) revealed strong binding by PROTEIN weak binding by PROTEIN and PROTEIN2 two dermatan sulfate proteoglycans, and lack of binding by PROTEIN PROTEIN a large chondroitin sulfate proteoglycan",yes
HPRD50.d32.s6_324,"Characterization of EC and PROTEIN1 PROTEIN bound to A beta (1-28) revealed strong binding by PROTEIN weak binding by PROTEIN and PROTEIN two dermatan sulfate proteoglycans, and lack of binding by PROTEIN2 PROTEIN a large chondroitin sulfate proteoglycan",no
HPRD50.d32.s6_325,"Characterization of EC and PROTEIN PROTEIN bound to A beta (1-28) revealed strong binding by PROTEIN weak binding by PROTEIN and PROTEIN1 two dermatan sulfate proteoglycans, and lack of binding by PROTEIN2 PROTEIN a large chondroitin sulfate proteoglycan",no
HPRD50.d32.s6_326,"Characterization of EC and PROTEIN1 PROTEIN bound to A beta (1-28) revealed strong binding by PROTEIN weak binding by PROTEIN and PROTEIN2 two dermatan sulfate proteoglycans, and lack of binding by PROTEIN PROTEIN a large chondroitin sulfate proteoglycan",no
HPRD50.d33.s0_327,"Cross-linking of PROTEIN1 with the use of the mAb MEM-53 and a polyclonal sheep anti-mouse Ig promoted activation of resting B cells into the G1 phase of the cell cycle as judged by increased expression of the early activation Ag PROTEIN2 increases in cellular volume, RNA synthesis, and PROTEIN protein levels, and enhanced binding of 7-aminoactinomycin D",yes
HPRD50.d33.s0_328,"Cross-linking of PROTEIN with the use of the mAb MEM-53 and a polyclonal sheep anti-mouse Ig promoted activation of resting B cells into the G1 phase of the cell cycle as judged by increased expression of the early activation Ag PROTEIN1 increases in cellular volume, RNA synthesis, and PROTEIN2 protein levels, and enhanced binding of 7-aminoactinomycin D",no
HPRD50.d33.s0_329,"Cross-linking of PROTEIN1 with the use of the mAb MEM-53 and a polyclonal sheep anti-mouse Ig promoted activation of resting B cells into the G1 phase of the cell cycle as judged by increased expression of the early activation Ag PROTEIN increases in cellular volume, RNA synthesis, and PROTEIN2 protein levels, and enhanced binding of 7-aminoactinomycin D",yes
HPRD50.d33.s1_330,"However, cytokines, in particular PROTEIN1 and PROTEIN potentiated the DNA synthesis induced by cross-linking of PROTEIN2 ",yes
HPRD50.d33.s1_331,"However, cytokines, in particular PROTEIN and PROTEIN1 potentiated the DNA synthesis induced by cross-linking of PROTEIN2 ",yes
HPRD50.d33.s1_332,"However, cytokines, in particular PROTEIN1 and PROTEIN2 potentiated the DNA synthesis induced by cross-linking of PROTEIN ",no
HPRD50.d34.s0_333,The human PROTEIN1 mRNA editing protein is a PROTEIN2 showing structural homology to some known mammalian and bacteriophage deoxycytidylate deaminases,no
HPRD50.d34.s1_334,The fact that the PROTEIN1 mRNA editing protein also exists as a PROTEIN2 has important implications for the mechanism of PROTEIN mRNA editing in humans,no
HPRD50.d34.s1_335,The fact that the PROTEIN mRNA editing protein also exists as a PROTEIN1 has important implications for the mechanism of PROTEIN2 mRNA editing in humans,no
HPRD50.d34.s1_336,The fact that the PROTEIN1 mRNA editing protein also exists as a PROTEIN has important implications for the mechanism of PROTEIN2 mRNA editing in humans,no
HPRD50.d35.s0_337,"Assignment of PROTEIN1 PROTEIN2 and Etfa to chromosomes 3, 7, and 13: the mouse homologs of genes responsible for glutaric acidemia type II in human",no
HPRD50.d35.s1_338,"We used cDNA probes for the PROTEIN1 PROTEIN2 and Etfa genes to determine localization of these mouse genes to chromosomes 3, 7, and 13",no
HPRD50.d38.s0_339,"Subsequent amino acid sequencing revealed many peptides involving PROTEIN cross-linked either to itself or to a variety of other known CE protein components, including PROTEIN PROTEIN PROTEIN1 keratins, members of the small proline-rich superfamily, PROTEIN2 and unknown proteins related to the PROTEIN family",no
HPRD50.d38.s0_340,"Subsequent amino acid sequencing revealed many peptides involving PROTEIN cross-linked either to itself or to a variety of other known CE protein components, including PROTEIN PROTEIN PROTEIN keratins, members of the small proline-rich superfamily, PROTEIN1 and unknown proteins related to the PROTEIN2 family",no
HPRD50.d38.s0_341,"Subsequent amino acid sequencing revealed many peptides involving PROTEIN cross-linked either to itself or to a variety of other known CE protein components, including PROTEIN PROTEIN1 PROTEIN keratins, members of the small proline-rich superfamily, PROTEIN2 and unknown proteins related to the PROTEIN family",no
HPRD50.d38.s0_342,"Subsequent amino acid sequencing revealed many peptides involving PROTEIN cross-linked either to itself or to a variety of other known CE protein components, including PROTEIN1 PROTEIN PROTEIN keratins, members of the small proline-rich superfamily, PROTEIN2 and unknown proteins related to the PROTEIN family",no
HPRD50.d38.s0_343,"Subsequent amino acid sequencing revealed many peptides involving PROTEIN1 cross-linked either to itself or to a variety of other known CE protein components, including PROTEIN PROTEIN PROTEIN keratins, members of the small proline-rich superfamily, PROTEIN2 and unknown proteins related to the PROTEIN family",yes
HPRD50.d38.s0_344,"Subsequent amino acid sequencing revealed many peptides involving PROTEIN cross-linked either to itself or to a variety of other known CE protein components, including PROTEIN PROTEIN PROTEIN1 keratins, members of the small proline-rich superfamily, PROTEIN and unknown proteins related to the PROTEIN2 family",no
HPRD50.d38.s0_345,"Subsequent amino acid sequencing revealed many peptides involving PROTEIN cross-linked either to itself or to a variety of other known CE protein components, including PROTEIN PROTEIN1 PROTEIN2 keratins, members of the small proline-rich superfamily, PROTEIN and unknown proteins related to the PROTEIN family",no
HPRD50.d38.s0_346,"Subsequent amino acid sequencing revealed many peptides involving PROTEIN cross-linked either to itself or to a variety of other known CE protein components, including PROTEIN1 PROTEIN PROTEIN2 keratins, members of the small proline-rich superfamily, PROTEIN and unknown proteins related to the PROTEIN family",no
HPRD50.d38.s0_347,"Subsequent amino acid sequencing revealed many peptides involving PROTEIN1 cross-linked either to itself or to a variety of other known CE protein components, including PROTEIN PROTEIN PROTEIN2 keratins, members of the small proline-rich superfamily, PROTEIN and unknown proteins related to the PROTEIN family",yes
HPRD50.d38.s0_348,"Subsequent amino acid sequencing revealed many peptides involving PROTEIN cross-linked either to itself or to a variety of other known CE protein components, including PROTEIN PROTEIN1 PROTEIN keratins, members of the small proline-rich superfamily, PROTEIN and unknown proteins related to the PROTEIN2 family",no
HPRD50.d38.s0_349,"Subsequent amino acid sequencing revealed many peptides involving PROTEIN cross-linked either to itself or to a variety of other known CE protein components, including PROTEIN1 PROTEIN PROTEIN keratins, members of the small proline-rich superfamily, PROTEIN and unknown proteins related to the PROTEIN2 family",no
HPRD50.d38.s0_350,"Subsequent amino acid sequencing revealed many peptides involving PROTEIN1 cross-linked either to itself or to a variety of other known CE protein components, including PROTEIN PROTEIN PROTEIN keratins, members of the small proline-rich superfamily, PROTEIN and unknown proteins related to the PROTEIN2 family",yes
HPRD50.d38.s0_351,"Subsequent amino acid sequencing revealed many peptides involving PROTEIN cross-linked either to itself or to a variety of other known CE protein components, including PROTEIN1 PROTEIN2 PROTEIN keratins, members of the small proline-rich superfamily, PROTEIN and unknown proteins related to the PROTEIN family",no
HPRD50.d38.s0_352,"Subsequent amino acid sequencing revealed many peptides involving PROTEIN1 cross-linked either to itself or to a variety of other known CE protein components, including PROTEIN PROTEIN2 PROTEIN keratins, members of the small proline-rich superfamily, PROTEIN and unknown proteins related to the PROTEIN family",yes
HPRD50.d38.s0_353,"Subsequent amino acid sequencing revealed many peptides involving PROTEIN1 cross-linked either to itself or to a variety of other known CE protein components, including PROTEIN2 PROTEIN PROTEIN keratins, members of the small proline-rich superfamily, PROTEIN and unknown proteins related to the PROTEIN family",yes
HPRD50.d38.s1_354,"Specific glutamines or lysines of PROTEIN were used to cross-link the different proteins, such as glutamines 495 and 496 to PROTEIN1 glutamine 288 to keratins, and lysines 468, 485, and 508 and glutamines 465 and 489 for interchain PROTEIN2 cross-links",no
HPRD50.d38.s1_355,"Specific glutamines or lysines of PROTEIN1 were used to cross-link the different proteins, such as glutamines 495 and 496 to PROTEIN2 glutamine 288 to keratins, and lysines 468, 485, and 508 and glutamines 465 and 489 for interchain PROTEIN cross-links",no
HPRD50.d38.s1_356,"Specific glutamines or lysines of PROTEIN1 were used to cross-link the different proteins, such as glutamines 495 and 496 to PROTEIN glutamine 288 to keratins, and lysines 468, 485, and 508 and glutamines 465 and 489 for interchain PROTEIN2 cross-links",no
HPRD50.d39.s0_357,"A prominent isolate, designated PROTEIN PROTEIN1 specifically interacts with the PROTEIN2 not only in vivo but also in vitro",yes
HPRD50.d39.s0_358,"A prominent isolate, designated PROTEIN1 PROTEIN2 specifically interacts with the PROTEIN not only in vivo but also in vitro",no
HPRD50.d39.s0_359,"A prominent isolate, designated PROTEIN1 PROTEIN specifically interacts with the PROTEIN2 not only in vivo but also in vitro",yes
HPRD50.d39.s1_360, PROTEIN1 is a nuclear protein with a characteristic distribution in large irregularly shaped nuclear speckles and co-localizes perfectly with the SR domain-containing PROTEIN2 ,no
HPRD50.d40.s0_361,Transient expression of the full-length PROTEIN1 without RSRS in U1240MG glioblastoma cells resulted in repression of PROTEIN2 promoter activity,yes
HPRD50.d40.s1_362,These results suggest that the relative abundance of the two splice variants of PROTEIN1 in brain could be an important determinant for the expression of PROTEIN2 ,yes
